,log_market_value
2710,16.52356082573315
1462,15.894952224644102
2188,10.819798284210286
2405,11.225256725762891
865,11.736077016252436
834,10.819798284210286
69,10.819798284210286
3175,12.206077645517674
3050,14.220976332738882
1959,13.592368256649284
436,12.206077645517674
2300,15.201805169084134
1671,13.122365377402328
1461,10.819798284210286
208,11.51293546492023
1063,10.819798284210286
565,11.51293546492023
313,10.12667110305036
601,11.51293546492023
233,11.51293546492023
1515,14.914123179965662
2808,11.918397239722838
1903,11.51293546492023
1033,10.12667110305036
111,11.51293546492023
2745,10.819798284210286
3385,9.210440366976515
2762,10.819798284210286
1925,10.819798284210286
2505,13.122365377402328
472,10.819798284210286
2037,10.819798284210286
1813,16.52356082573315
3035,12.206077645517674
3531,11.51293546492023
860,15.607270193858982
3277,13.997832948091215
3158,10.819798284210286
2684,11.51293546492023
1186,12.899222326086994
655,11.225256725762891
2319,16.213405921671733
361,11.51293546492023
135,15.201805169084134
1523,12.899222326086994
2490,11.225256725762891
1311,13.815511557963774
2596,11.225256725762891
366,11.51293546492023
2174,15.607270193858982
29,11.918397239722838
2896,10.819798284210286
22,12.765691290604371
1290,15.319588176962746
1283,11.918397239722838
916,14.914123179965662
1308,13.304686600863562
695,14.914123179965662
1139,13.304686600863562
701,11.51293546492023
420,13.45883704259595
682,12.611541086966117
3177,13.815511557963774
460,12.611541086966117
43,13.017005083966255
87,14.220976332738882
1241,10.12667110305036
749,11.918397239722838
1853,11.918397239722838
561,12.611541086966117
282,10.819798284210286
3039,10.12667110305036
810,10.819798284210286
2371,10.819798284210286
3347,12.611541086966117
2629,10.819798284210286
533,14.151983508870948
1005,12.765691290604371
2832,10.819798284210286
1799,10.12667110305036
950,14.731801689838347
2715,13.592368256649284
2758,10.819798284210286
1275,10.819798284210286
2425,13.122365377402328
1012,11.51293546492023
3562,11.51293546492023
1040,12.899222326086994
812,13.45883704259595
2996,12.206077645517674
637,12.611541086966117
2029,11.225256725762891
2838,12.899222326086994
911,11.51293546492023
1439,13.304686600863562
2922,12.206077645517674
2091,14.403297778421797
2898,12.323860125621126
1167,10.819798284210286
221,11.918397239722838
543,10.819798284210286
1495,12.691583538230216
2460,13.592368256649284
685,10.819798284210286
2472,11.736077016252436
1322,12.429220196836384
2106,10.819798284210286
1284,16.300417291085605
2152,13.815511557963774
3074,15.201805169084134
967,12.611541086966117
793,10.819798284210286
2498,12.206077645517674
2215,12.611541086966117
2096,11.225256725762891
272,11.51293546492023
521,11.918397239722838
522,13.304686600863562
2811,10.12667110305036
1085,10.819798284210286
2176,11.51293546492023
350,10.819798284210286
2368,16.118095750958314
925,10.819798284210286
1298,9.210440366976515
2075,10.819798284210286
2022,10.819798284210286
2667,12.206077645517674
651,11.918397239722838
2894,10.819798284210286
2009,10.819798284210286
2558,12.206077645517674
3007,10.819798284210286
3257,10.12667110305036
3036,10.12667110305036
3325,11.51293546492023
3455,10.819798284210286
1349,11.51293546492023
168,11.918397239722838
2900,11.736077016252436
1159,13.122365377402328
1003,11.918397239722838
806,11.51293546492023
2437,12.323860125621126
3011,11.918397239722838
1631,12.206077645517674
2597,10.12667110305036
1437,11.51293546492023
2734,11.51293546492023
3653,10.819798284210286
2564,10.12667110305036
219,13.592368256649284
367,15.424948670398354
2511,10.819798284210286
549,12.611541086966117
3043,11.918397239722838
2453,13.304686600863562
2426,12.206077645517674
351,12.206077645517674
2294,11.51293546492023
775,10.12667110305036
1677,11.225256725762891
2173,13.815511557963774
490,10.12667110305036
3126,11.51293546492023
2732,10.819798284210286
498,12.899222326086994
3349,10.819798284210286
210,10.12667110305036
1054,12.611541086966117
2929,11.225256725762891
650,10.12667110305036
227,12.611541086966117
365,11.918397239722838
877,12.899222326086994
1505,10.819798284210286
276,11.225256725762891
2281,10.819798284210286
949,11.918397239722838
1196,11.51293546492023
2760,12.206077645517674
957,12.206077645517674
407,13.815511557963774
3070,12.206077645517674
3342,11.51293546492023
2688,10.819798284210286
1016,12.206077645517674
2517,10.819798284210286
2776,12.611541086966117
1452,13.592368256649284
847,12.611541086966117
7,12.429220196836384
975,14.220976332738882
2693,11.51293546492023
2914,10.819798284210286
415,12.206077645517674
2358,11.918397239722838
2283,10.819798284210286
2489,10.819798284210286
1745,12.765691290604371
3275,13.122365377402328
1690,12.07254696717504
199,11.51293546492023
2434,11.225256725762891
2427,12.429220196836384
804,12.206077645517674
2311,10.12667110305036
2071,13.304686600863562
283,13.122365377402328
1230,11.225256725762891
231,12.206077645517674
3303,10.819798284210286
2721,12.611541086966117
1295,12.206077645517674
96,12.429220196836384
1694,11.51293546492023
2977,11.736077016252436
2247,11.51293546492023
1721,10.819798284210286
2397,13.997832948091215
1135,10.819798284210286
3373,11.225256725762891
3001,10.819798284210286
1751,10.819798284210286
1719,12.429220196836384
104,10.819798284210286
2560,17.147715103853763
2570,14.914123179965662
2054,11.51293546492023
1242,12.899222326086994
1145,10.819798284210286
3064,10.12667110305036
435,11.51293546492023
2882,10.819798284210286
747,11.736077016252436
226,12.206077645517674
1140,14.403297778421797
1059,10.819798284210286
982,14.508658238524095
2643,12.611541086966117
1910,11.51293546492023
1984,12.899222326086994
1555,10.12667110305036
3421,13.997832948091215
1435,12.611541086966117
2082,10.819798284210286
947,15.201805169084134
2831,11.51293546492023
1336,10.12667110305036
1130,11.51293546492023
2452,12.07254696717504
1409,10.819798284210286
2002,14.220976332738882
464,10.819798284210286
2057,12.07254696717504
2569,12.206077645517674
2792,10.12667110305036
1590,16.705882371415992
1526,12.611541086966117
2349,12.524530013005734
2064,14.914123179965662
1947,11.225256725762891
212,10.819798284210286
12,12.611541086966117
3449,10.819798284210286
904,12.611541086966117
422,13.997832948091215
890,11.225256725762891
1774,11.225256725762891
3674,10.819798284210286
1669,11.736077016252436
3139,13.122365377402328
2521,13.815511557963774
744,12.429220196836384
3066,10.819798284210286
2687,12.429220196836384
1754,10.819798284210286
1839,13.122365377402328
1600,11.918397239722838
2008,10.819798284210286
509,11.918397239722838
644,11.918397239722838
597,10.819798284210286
2995,12.899222326086994
1535,11.918397239722838
1579,14.220976332738882
1028,12.206077645517674
3071,10.819798284210286
518,12.611541086966117
2140,11.51293546492023
770,11.51293546492023
573,11.51293546492023
3506,12.206077645517674
3176,12.206077645517674
1364,13.71015115341694
2284,12.206077645517674
3495,9.210440366976515
1924,10.819798284210286
1781,12.765691290604371
123,11.51293546492023
2916,10.12667110305036
2928,11.918397239722838
220,10.819798284210286
822,11.51293546492023
3462,10.819798284210286
358,11.918397239722838
100,12.611541086966117
3068,11.918397239722838
551,11.51293546492023
2507,14.220976332738882
1914,11.918397239722838
259,12.429220196836384
3246,11.51293546492023
2636,11.918397239722838
3047,11.51293546492023
2759,10.819798284210286
2735,13.527829818844936
2041,16.588099342704055
1223,11.51293546492023
2777,12.899222326086994
1380,10.12667110305036
2234,10.819798284210286
1091,12.611541086966117
3284,12.206077645517674
2953,16.52356082573315
2679,14.731801689838347
3220,12.611541086966117
456,12.429220196836384
462,11.51293546492023
2554,14.508658238524095
930,12.899222326086994
1047,12.899222326086994
1876,10.12667110305036
3019,10.819798284210286
381,10.819798284210286
3279,10.819798284210286
2175,13.122365377402328
2227,10.819798284210286
933,11.918397239722838
1142,12.899222326086994
1679,11.51293546492023
1112,12.429220196836384
1740,11.51293546492023
662,12.611541086966117
59,12.206077645517674
3186,10.819798284210286
3237,11.51293546492023
2115,10.12667110305036
3738,10.819798284210286
1768,11.918397239722838
2717,11.918397239722838
2630,12.206077645517674
1131,14.508658238524095
1976,11.736077016252436
657,11.225256725762891
3333,10.819798284210286
848,12.429220196836384
542,10.819798284210286
2791,12.765691290604371
1883,13.304686600863562
1456,11.51293546492023
2181,13.815511557963774
2305,14.403297778421797
1804,11.918397239722838
2497,12.323860125621126
3566,11.918397239722838
2121,11.225256725762891
2446,12.206077645517674
3436,13.122365377402328
1618,13.815511557963774
3041,12.765691290604371
237,12.691583538230216
1940,13.997832948091215
1238,12.899222326086994
2232,14.403297778421797
2350,10.819798284210286
163,13.122365377402328
1351,11.51293546492023
252,12.765691290604371
3118,11.51293546492023
1958,14.731801689838347
934,11.51293546492023
2164,12.429220196836384
1182,12.206077645517674
1451,12.611541086966117
1235,13.592368256649284
1169,11.918397239722838
1699,13.45883704259595
1695,11.51293546492023
2768,11.918397239722838
2653,10.12667110305036
677,10.819798284210286
41,13.304686600863562
3089,10.819798284210286
2755,12.611541086966117
2921,9.210440366976515
243,10.819798284210286
1120,12.206077645517674
1280,11.736077016252436
3524,11.51293546492023
261,10.12667110305036
1110,13.815511557963774
837,11.918397239722838
2669,12.429220196836384
3446,10.819798284210286
1773,11.51293546492023
1576,12.206077645517674
340,12.899222326086994
1638,12.206077645517674
751,12.323860125621126
1387,11.51293546492023
480,12.07254696717504
1157,10.819798284210286
1682,12.323860125621126
1406,12.765691290604371
786,11.736077016252436
2986,10.819798284210286
2240,11.918397239722838
2785,11.918397239722838
1502,12.899222326086994
2131,13.45883704259595
2992,10.12667110305036
2257,11.736077016252436
2433,11.225256725762891
1246,12.206077645517674
2146,13.017005083966255
626,10.819798284210286
347,14.508658238524095
2178,10.12667110305036
2513,11.51293546492023
985,11.51293546492023
3002,13.304686600863562
1357,11.918397239722838
915,12.323860125621126
2133,13.122365377402328
632,10.819798284210286
2628,11.918397239722838
445,13.122365377402328
617,11.918397239722838
2034,12.429220196836384
2656,10.819798284210286
1606,11.51293546492023
3381,10.819798284210286
2957,12.611541086966117
1165,10.12667110305036
1558,15.424948670398354
353,12.323860125621126
613,12.611541086966117
1154,10.819798284210286
1885,10.12667110305036
2612,13.122365377402328
57,10.819798284210286
1420,12.206077645517674
1756,12.206077645517674
2520,15.424948670398354
2905,10.819798284210286
2765,11.918397239722838
1870,16.705882371415992
2549,10.819798284210286
1328,15.424948670398354
1459,12.07254696717504
2238,13.122365377402328
560,10.819798284210286
708,14.220976332738882
1323,13.71015115341694
424,13.815511557963774
1100,11.51293546492023
647,11.51293546492023
72,11.51293546492023
3192,11.918397239722838
3278,12.899222326086994
1201,10.819798284210286
1011,12.83468397161566
620,13.815511557963774
1988,12.323860125621126
553,12.206077645517674
1395,13.21767537538882
3096,10.819798284210286
2631,10.819798284210286
1004,11.918397239722838
1519,11.918397239722838
2583,10.12667110305036
3200,12.429220196836384
3663,10.12667110305036
2464,17.50439003707821
440,10.819798284210286
508,11.51293546492023
1107,12.765691290604371
589,12.611541086966117
1375,10.819798284210286
649,11.51293546492023
1854,14.508658238524095
2015,15.424948670398354
1465,13.304686600863562
2970,10.819798284210286
2335,11.51293546492023
630,11.918397239722838
1566,15.424948670398354
3434,13.122365377402328
482,12.206077645517674
1384,11.51293546492023
2969,10.819798284210286
1353,12.429220196836384
2390,13.592368256649284
2633,13.122365377402328
1943,10.12667110305036
859,10.819798284210286
1633,10.819798284210286
530,12.206077645517674
2469,9.210440366976515
49,10.819798284210286
861,12.07254696717504
1079,12.899222326086994
720,12.429220196836384
3581,11.51293546492023
2500,10.819798284210286
2941,10.12667110305036
1794,11.51293546492023
1836,11.51293546492023
2442,11.51293546492023
1607,16.300417291085605
2563,12.206077645517674
1604,10.819798284210286
2582,13.45883704259595
2353,11.225256725762891
3265,10.819798284210286
1245,13.304686600863562
2457,12.206077645517674
1416,13.122365377402328
3052,11.225256725762891
2637,12.206077645517674
297,11.918397239722838
1476,11.51293546492023
1482,15.424948670398354
963,11.51293546492023
1469,12.611541086966117
1498,16.300417291085605
1569,13.815511557963774
3476,11.51293546492023
349,13.122365377402328
3053,14.508658238524095
643,12.899222326086994
2698,12.899222326086994
1514,13.45883704259595
669,13.592368256649284
1546,13.304686600863562
2847,11.51293546492023
1974,10.12667110305036
1188,11.225256725762891
3556,11.51293546492023
2192,12.429220196836384
2737,12.611541086966117
1822,12.206077645517674
2395,10.819798284210286
789,12.611541086966117
3132,11.918397239722838
140,10.819798284210286
791,13.017005083966255
3568,10.12667110305036
2320,10.12667110305036
715,12.899222326086994
1642,12.206077645517674
1933,12.206077645517674
1890,12.611541086966117
3205,12.429220196836384
1800,11.225256725762891
1589,10.819798284210286
618,12.206077645517674
406,10.12667110305036
1438,13.997832948091215
2455,13.122365377402328
2534,11.918397239722838
1412,14.731801689838347
2781,11.51293546492023
497,12.206077645517674
342,11.918397239722838
2384,12.899222326086994
2608,10.819798284210286
785,10.12667110305036
1888,12.206077645517674
303,12.206077645517674
2835,10.819798284210286
2087,11.918397239722838
664,13.527829818844936
1185,11.918397239722838
1254,11.51293546492023
2430,14.220976332738882
1825,15.424948670398354
2265,17.034386422832473
3241,14.220976332738882
84,10.819798284210286
3235,10.12667110305036
946,11.918397239722838
966,12.429220196836384
844,13.122365377402328
1667,10.819798284210286
2741,10.819798284210286
1436,13.122365377402328
1581,13.304686600863562
290,12.429220196836384
2180,11.51293546492023
1599,12.611541086966117
604,11.51293546492023
3183,13.122365377402328
920,11.225256725762891
3142,10.12667110305036
2056,12.524530013005734
1106,10.819798284210286
1095,11.51293546492023
2501,14.731801689838347
1611,11.918397239722838
824,11.51293546492023
2854,12.206077645517674
1006,12.611541086966117
1678,11.918397239722838
18,11.51293546492023
493,11.918397239722838
1132,13.45883704259595
1503,11.225256725762891
2063,10.12667110305036
2020,10.12667110305036
1559,11.51293546492023
2893,11.51293546492023
2191,10.819798284210286
2290,10.819798284210286
2704,10.819798284210286
2936,12.611541086966117
2306,11.918397239722838
3046,12.899222326086994
1015,11.51293546492023
2789,12.429220196836384
360,12.611541086966117
2962,14.508658238524095
2189,10.12667110305036
3306,12.429220196836384
1471,10.12667110305036
1560,13.997832948091215
1972,11.918397239722838
344,11.51293546492023
992,12.429220196836384
1574,13.304686600863562
746,13.815511557963774
2951,10.819798284210286
1413,13.45883704259595
113,10.12667110305036
2546,13.71015115341694
1251,16.300417291085605
1149,10.12667110305036
1987,12.899222326086994
1226,11.918397239722838
1207,11.225256725762891
85,11.51293546492023
2362,13.71015115341694
668,10.12667110305036
1020,10.819798284210286
128,11.51293546492023
2736,17.370858648025116
1426,14.914123179965662
894,13.21767537538882
2200,10.819798284210286
307,13.122365377402328
383,11.918397239722838
150,11.51293546492023
1330,12.611541086966117
2853,10.819798284210286
3696,10.819798284210286
426,10.819798284210286
494,14.914123179965662
1216,17.50439003707821
1749,11.51293546492023
1973,12.323860125621126
1217,10.819798284210286
2635,11.736077016252436
2804,11.225256725762891
3645,11.51293546492023
1378,13.017005083966255
1249,10.819798284210286
2646,10.819798284210286
2088,10.819798284210286
275,11.918397239722838
489,14.220976332738882
3382,13.592368256649284
1239,10.819798284210286
690,12.691583538230216
2716,13.815511557963774
1995,12.07254696717504
1828,11.51293546492023
1480,16.705882371415992
2533,10.819798284210286
3189,10.819798284210286
1064,13.304686600863562
118,11.225256725762891
1030,12.206077645517674
2377,10.819798284210286
281,11.918397239722838
1881,10.12667110305036
1329,10.819798284210286
2689,11.225256725762891
974,10.819798284210286
1428,14.914123179965662
1683,11.51293546492023
1830,11.51293546492023
2424,10.12667110305036
155,10.819798284210286
304,12.206077645517674
2217,12.899222326086994
2956,12.206077645517674
1705,11.51293546492023
2363,12.429220196836384
2573,10.819798284210286
1320,10.819798284210286
1714,14.220976332738882
575,12.611541086966117
2231,10.12667110305036
2981,12.206077645517674
3045,9.210440366976515
1312,13.304686600863562
1777,14.508658238524095
1649,12.206077645517674
1470,11.51293546492023
846,11.51293546492023
1639,10.819798284210286
269,10.819798284210286
629,12.206077645517674
1039,11.51293546492023
286,12.206077645517674
1339,10.819798284210286
2645,12.429220196836384
300,10.819798284210286
2468,12.611541086966117
2441,10.12667110305036
2407,14.077875591662238
1644,14.220976332738882
65,13.122365377402328
2550,12.206077645517674
893,11.918397239722838
1873,13.45883704259595
3022,10.819798284210286
3420,11.736077016252436
1518,12.206077645517674
230,12.611541086966117
503,11.225256725762891
3020,10.819798284210286
3087,10.12667110305036
1812,10.819798284210286
1878,12.206077645517674
1010,14.346139397261563
839,13.21767537538882
1942,11.225256725762891
374,11.918397239722838
2001,13.997832948091215
2423,11.225256725762891
3401,11.51293546492023
943,11.51293546492023
1334,12.429220196836384
2373,10.819798284210286
754,12.899222326086994
99,10.819798284210286
2143,13.592368256649284
869,12.899222326086994
914,12.206077645517674
2495,12.429220196836384
529,12.429220196836384
1271,13.592368256649284
2067,15.201805169084134
636,11.51293546492023
1281,11.51293546492023
185,12.611541086966117
2144,14.731801689838347
1860,10.12667110305036
1758,13.45883704259595
935,11.51293546492023
2165,11.736077016252436
2827,13.122365377402328
1748,12.611541086966117
2769,12.206077645517674
1285,13.122365377402328
2370,11.225256725762891
607,11.225256725762891
3272,10.819798284210286
151,12.429220196836384
2352,14.731801689838347
2461,9.210440366976515
3582,10.819798284210286
2186,10.12667110305036
732,12.206077645517674
1680,11.918397239722838
2012,10.819798284210286
3181,13.45883704259595
23,13.815511557963774
2154,11.918397239722838
158,10.819798284210286
864,11.51293546492023
1848,15.201805169084134
906,11.51293546492023
1927,12.206077645517674
1240,14.731801689838347
2591,11.51293546492023
444,11.51293546492023
3527,11.51293546492023
757,10.819798284210286
927,12.206077645517674
3605,10.819798284210286
2413,11.918397239722838
311,10.12667110305036
1389,12.206077645517674
548,11.225256725762891
2282,13.997832948091215
2226,11.51293546492023
306,11.51293546492023
287,12.899222326086994
694,12.429220196836384
308,10.819798284210286
3102,12.611541086966117
2168,13.71015115341694
752,10.819798284210286
1801,11.51293546492023
3564,11.51293546492023
1902,11.225256725762891
2361,11.51293546492023
912,13.304686600863562
86,11.51293546492023
2743,10.819798284210286
3502,10.819798284210286
2886,12.611541086966117
976,13.07107218827772
13,12.611541086966117
876,12.429220196836384
811,13.815511557963774
2988,12.206077645517674
514,13.122365377402328
2783,11.918397239722838
409,10.819798284210286
2752,11.51293546492023
1350,10.12667110305036
1427,14.914123179965662
3337,12.206077645517674
1636,14.220976332738882
2076,13.997832948091215
1688,10.819798284210286
1778,11.51293546492023
382,10.819798284210286
2601,13.71015115341694
2514,13.815511557963774
1529,11.918397239722838
1858,17.622173069956816
2086,12.07254696717504
3417,12.611541086966117
3565,11.51293546492023
1407,12.899222326086994
552,12.206077645517674
3250,12.429220196836384
222,12.429220196836384
1955,12.899222326086994
1103,12.899222326086994
3013,12.899222326086994
8,12.429220196836384
1855,12.429220196836384
316,11.918397239722838
1341,12.206077645517674
427,9.210440366976515
1674,12.899222326086994
105,12.206077645517674
1733,10.819798284210286
142,10.819798284210286
121,12.611541086966117
2733,11.918397239722838
3376,10.819798284210286
1198,12.429220196836384
2253,11.51293546492023
3153,11.51293546492023
3211,13.592368256649284
115,10.819798284210286
1760,15.201805169084134
3017,12.206077645517674
2467,11.736077016252436
3280,11.225256725762891
3541,14.731801689838347
2010,12.206077645517674
2531,13.592368256649284
672,11.51293546492023
1798,13.71015115341694
2051,10.12667110305036
2504,12.611541086966117
591,12.429220196836384
2779,11.918397239722838
3160,11.918397239722838
891,12.429220196836384
2163,10.12667110305036
3667,10.12667110305036
2222,13.997832948091215
213,12.524530013005734
781,11.736077016252436
2471,11.51293546492023
1463,12.206077645517674
3049,12.899222326086994
803,12.206077645517674
2870,11.51293546492023
1814,13.304686600863562
2614,11.918397239722838
2626,11.225256725762891
3369,12.206077645517674
1539,10.819798284210286
1900,13.304686600863562
3154,11.51293546492023
1356,13.122365377402328
273,11.225256725762891
71,10.819798284210286
721,10.12667110305036
1094,12.765691290604371
394,12.611541086966117
583,12.611541086966117
1917,10.819798284210286
2302,10.819798284210286
3464,11.918397239722838
500,12.429220196836384
2322,11.918397239722838
2553,10.819798284210286
3641,11.51293546492023
3194,13.592368256649284
3587,10.12667110305036
1270,12.765691290604371
2997,16.705882371415992
2153,11.51293546492023
205,10.12667110305036
734,13.45883704259595
1912,11.51293546492023
526,11.918397239722838
2718,10.12667110305036
1724,12.611541086966117
902,13.122365377402328
377,10.819798284210286
1582,10.819798284210286
3128,11.51293546492023
3116,11.51293546492023
1880,11.51293546492023
386,11.51293546492023
198,13.304686600863562
3521,11.51293546492023
1056,12.899222326086994
590,11.51293546492023
519,12.429220196836384
3317,10.819798284210286
2334,14.914123179965662
429,13.017005083966255
1090,12.429220196836384
1907,12.206077645517674
1663,10.819798284210286
207,11.51293546492023
491,12.206077645517674
3173,11.51293546492023
1759,11.225256725762891
3471,12.611541086966117
795,10.819798284210286
2885,14.914123179965662
1195,15.607270193858982
1194,12.611541086966117
2004,11.736077016252436
2193,11.918397239722838
1687,10.819798284210286
2562,10.12667110305036
1552,10.12667110305036
1424,11.918397239722838
1491,10.12667110305036
83,12.691583538230216
2731,12.524530013005734
2556,14.914123179965662
20,12.429220196836384
1727,12.429220196836384
1653,11.51293546492023
2287,10.819798284210286
3141,13.815511557963774
1419,14.914123179965662
2278,12.899222326086994
1585,14.508658238524095
3678,10.819798284210286
3131,12.611541086966117
3105,10.819798284210286
979,12.899222326086994
3270,12.611541086966117
886,11.51293546492023
1105,12.899222326086994
156,11.918397239722838
2619,16.705882371415992
889,12.429220196836384
3717,12.611541086966117
2005,10.819798284210286
1533,13.122365377402328
2923,14.508658238524095
3059,11.51293546492023
3249,12.206077645517674
3281,11.225256725762891
1849,13.71015115341694
1468,13.304686600863562
1522,13.592368256649284
2061,12.429220196836384
3078,12.899222326086994
458,11.51293546492023
3208,11.51293546492023
78,12.611541086966117
3473,11.918397239722838
1062,12.83468397161566
910,14.220976332738882
1971,10.12667110305036
2544,14.220976332738882
3134,11.918397239722838
380,10.12667110305036
952,10.819798284210286
2172,12.691583538230216
2295,12.429220196836384
716,11.918397239722838
2285,13.997832948091215
686,10.819798284210286
2971,10.819798284210286
1306,12.07254696717504
305,10.819798284210286
209,10.819798284210286
1867,13.45883704259595
2551,11.51293546492023
3622,12.899222326086994
1937,15.76142084987672
888,12.611541086966117
2055,12.206077645517674
921,12.07254696717504
2102,12.899222326086994
2444,11.51293546492023
191,10.819798284210286
2158,12.429220196836384
3525,11.51293546492023
1277,11.225256725762891
483,11.918397239722838
919,12.611541086966117
3014,11.51293546492023
277,12.429220196836384
994,10.819798284210286
1824,10.12667110305036
1255,12.765691290604371
2046,12.611541086966117
571,12.611541086966117
1450,10.819798284210286
999,10.819798284210286
1757,12.206077645517674
1752,11.51293546492023
585,13.71015115341694
3530,12.206077645517674
1983,12.429220196836384
3691,12.611541086966117
1362,10.819798284210286
1013,13.122365377402328
674,13.527829818844936
2124,12.206077645517674
858,16.705882371415992
447,13.122365377402328
1779,11.51293546492023
3597,10.12667110305036
2032,12.429220196836384
2598,11.51293546492023
3108,9.210440366976515
2749,10.819798284210286
2138,10.819798284210286
1782,11.51293546492023
3103,13.45883704259595
2880,14.731801689838347
1257,11.51293546492023
294,11.225256725762891
1570,11.736077016252436
588,10.819798284210286
1293,11.225256725762891
3400,11.918397239722838
2603,10.12667110305036
3529,10.819798284210286
2062,15.068273812173889
2540,12.611541086966117
1789,13.592368256649284
2590,10.12667110305036
1431,10.12667110305036
425,10.12667110305036
534,11.225256725762891
1060,10.819798284210286
2605,12.206077645517674
2899,10.819798284210286
2483,11.51293546492023
132,12.611541086966117
6,13.122365377402328
3093,11.225256725762891
421,11.918397239722838
1720,11.918397239722838
3088,11.51293546492023
2331,11.225256725762891
1985,15.201805169084134
1747,12.611541086966117
1382,17.034386422832473
556,12.611541086966117
2336,12.765691290604371
2820,10.819798284210286
3151,11.225256725762891
3113,11.51293546492023
1908,14.731801689838347
570,10.819798284210286
352,13.122365377402328
91,12.429220196836384
2436,11.225256725762891
2933,11.918397239722838
1178,11.51293546492023
1872,11.736077016252436
1297,11.918397239722838
2339,13.122365377402328
1980,11.918397239722838
1815,10.819798284210286
1616,14.403297778421797
3081,10.819798284210286
697,12.611541086966117
3475,10.819798284210286
348,11.918397239722838
1968,11.918397239722838
2701,12.206077645517674
2803,10.819798284210286
2491,14.220976332738882
1144,13.122365377402328
2303,14.731801689838347
2129,10.819798284210286
3331,10.12667110305036
3310,11.51293546492023
1742,12.206077645517674
1352,10.819798284210286
2881,10.819798284210286
453,11.51293546492023
917,13.304686600863562
2616,10.819798284210286
1208,12.611541086966117
1286,12.429220196836384
2225,13.122365377402328
37,11.51293546492023
980,12.765691290604371
3334,16.300417291085605
989,12.899222326086994
1259,11.51293546492023
2298,12.899222326086994
1432,10.819798284210286
1296,10.819798284210286
2070,12.765691290604371
39,13.122365377402328
1501,12.429220196836384
2179,10.12667110305036
169,11.51293546492023
1368,13.592368256649284
738,10.819798284210286
1956,11.51293546492023
3138,11.51293546492023
1702,13.122365377402328
1587,10.12667110305036
2252,10.12667110305036
634,12.323860125621126
3077,11.51293546492023
2262,10.819798284210286
1666,10.819798284210286
1302,11.51293546492023
2692,11.51293546492023
1394,10.819798284210286
579,11.736077016252436
328,10.819798284210286
2068,12.611541086966117
895,12.611541086966117
1150,13.45883704259595
783,11.918397239722838
2323,14.220976332738882
159,11.51293546492023
1949,12.611541086966117
2084,11.51293546492023
2678,10.12667110305036
61,10.819798284210286
852,12.206077645517674
2445,9.90353755128617
3427,10.12667110305036
2529,12.206077645517674
1621,11.918397239722838
1811,12.611541086966117
1049,12.206077645517674
2889,13.592368256649284
1567,10.819798284210286
2369,12.206077645517674
3231,11.225256725762891
1077,11.918397239722838
53,9.210440366976515
3423,11.51293546492023
3444,10.12667110305036
1835,12.206077645517674
258,10.819798284210286
505,12.206077645517674
755,12.899222326086994
2307,15.76142084987672
217,10.819798284210286
827,12.429220196836384
1913,12.611541086966117
3713,11.51293546492023
2615,12.206077645517674
1403,12.07254696717504
2897,11.51293546492023
1278,11.225256725762891
2851,10.12667110305036
2532,15.424948670398354
1623,17.034386422832473
2344,10.12667110305036
1632,12.765691290604371
2065,17.50439003707821
774,10.12667110305036
3287,11.918397239722838
3225,12.899222326086994
1184,13.815511557963774
3121,10.819798284210286
1909,11.225256725762891
1092,12.323860125621126
2954,13.304686600863562
1931,12.323860125621126
1338,14.220976332738882
2432,12.765691290604371
1962,11.918397239722838
809,12.206077645517674
2072,12.611541086966117
1417,11.51293546492023
2113,12.899222326086994
2389,14.220976332738882
3545,11.918397239722838
2137,11.918397239722838
1171,12.206077645517674
968,11.918397239722838
3447,14.220976332738882
3539,12.206077645517674
398,11.51293546492023
584,13.122365377402328
953,11.918397239722838
705,12.206077645517674
431,12.429220196836384
1718,12.429220196836384
292,11.51293546492023
145,9.210440366976515
323,10.819798284210286
3004,10.12667110305036
2421,11.918397239722838
1173,10.819798284210286
1467,11.918397239722838
2,11.51293546492023
1743,11.918397239722838
576,13.997832948091215
2648,11.918397239722838
339,11.918397239722838
1396,10.12667110305036
1998,12.206077645517674
929,11.51293546492023
265,12.899222326086994
376,11.51293546492023
2700,13.592368256649284
1806,13.304686600863562
1478,11.918397239722838
271,11.51293546492023
696,13.122365377402328
3619,10.819798284210286
244,12.429220196836384
3299,11.918397239722838
476,10.819798284210286
2958,11.51293546492023
3673,10.819798284210286
816,11.51293546492023
2211,10.12667110305036
1960,15.201805169084134
2126,11.918397239722838
2940,10.819798284210286
3263,13.122365377402328
3551,13.997832948091215
1172,11.918397239722838
1843,11.51293546492023
2493,13.815511557963774
250,11.51293546492023
413,12.429220196836384
545,10.12667110305036
1202,10.12667110305036
741,12.206077645517674
310,13.592368256649284
2611,12.611541086966117
896,10.819798284210286
1138,11.51293546492023
1464,11.918397239722838
3457,14.220976332738882
15,11.51293546492023
2797,11.51293546492023
722,13.45883704259595
1434,13.592368256649284
3058,10.819798284210286
987,11.225256725762891
2414,11.51293546492023
1562,14.508658238524095
2930,10.819798284210286
1957,11.225256725762891
1573,10.819798284210286
2793,11.51293546492023
363,11.225256725762891
988,11.51293546492023
182,13.304686600863562
991,10.819798284210286
2890,11.918397239722838
1203,10.12667110305036
2171,12.899222326086994
2109,14.508658238524095
1128,12.765691290604371
2576,12.611541086966117
187,10.12667110305036
619,11.51293546492023
2028,12.765691290604371
1183,12.611541086966117
1191,12.611541086966117
2748,10.819798284210286
2528,12.899222326086994
614,11.51293546492023
1534,13.122365377402328
1481,11.225256725762891
401,11.51293546492023
1000,12.611541086966117
938,11.918397239722838
371,12.611541086966117
2264,11.918397239722838
2496,11.51293546492023
593,12.611541086966117
2391,12.611541086966117
727,11.918397239722838
829,13.45883704259595
1542,13.997832948091215
2329,15.76142084987672
687,10.12667110305036
2545,11.51293546492023
136,12.206077645517674
3184,10.819798284210286
628,11.51293546492023
334,12.206077645517674
1844,12.899222326086994
390,12.899222326086994
2659,12.899222326086994
1116,10.12667110305036
3086,10.819798284210286
1857,10.12667110305036
2440,10.819798284210286
3137,11.51293546492023
711,14.220976332738882
1045,14.914123179965662
2239,12.429220196836384
2516,12.899222326086994
3010,11.51293546492023
1584,11.225256725762891
2355,15.76142084987672
3222,13.592368256649284
1993,10.819798284210286
1619,15.424948670398354
3348,10.12667110305036
2917,10.12667110305036
1119,13.815511557963774
465,13.592368256649284
1583,15.424948670398354
1233,11.918397239722838
2288,11.51293546492023
3588,13.71015115341694
2703,12.765691290604371
1528,11.51293546492023
1783,9.210440366976515
1111,10.819798284210286
660,12.611541086966117
2066,11.736077016252436
3124,11.225256725762891
338,12.206077645517674
215,10.819798284210286
1640,12.429220196836384
1354,12.83468397161566
3266,13.815511557963774
2712,11.51293546492023
3289,11.51293546492023
1887,12.899222326086994
1617,11.918397239722838
2210,10.819798284210286
3542,10.819798284210286
2920,12.206077645517674
819,13.122365377402328
2027,10.819798284210286
1074,14.220976332738882
2317,12.429220196836384
274,13.122365377402328
2581,11.918397239722838
868,15.424948670398354
101,11.51293546492023
2470,14.220976332738882
171,11.51293546492023
107,12.765691290604371
2412,11.736077016252436
3669,11.51293546492023
2530,10.12667110305036
2438,16.52356082573315
2333,13.017005083966255
2299,11.51293546492023
2588,11.51293546492023
2695,10.12667110305036
3375,10.819798284210286
1046,12.07254696717504
1545,10.819798284210286
2967,11.51293546492023
481,12.899222326086994
2448,12.429220196836384
3057,12.83468397161566
1796,15.424948670398354
2830,11.225256725762891
3227,11.51293546492023
2375,10.819798284210286
405,12.206077645517674
760,11.51293546492023
2235,10.819798284210286
97,11.918397239722838
1346,10.12667110305036
2754,14.508658238524095
3244,11.51293546492023
2250,13.122365377402328
2114,12.206077645517674
2417,10.12667110305036
148,12.899222326086994
28,12.429220196836384
2348,13.815511557963774
2254,10.12667110305036
692,11.736077016252436
1400,11.918397239722838
1886,12.429220196836384
2351,9.210440366976515
1624,10.819798284210286
702,11.918397239722838
1738,10.819798284210286
454,12.429220196836384
2094,12.429220196836384
2402,11.51293546492023
609,10.12667110305036
167,12.07254696717504
731,12.765691290604371
2479,15.201805169084134
3123,11.225256725762891
2273,11.51293546492023
1648,11.51293546492023
587,10.819798284210286
1415,12.206077645517674
1730,12.206077645517674
2512,15.76142084987672
3026,10.12667110305036
1393,12.429220196836384
2150,11.225256725762891
3125,15.76142084987672
2194,9.210440366976515
2816,10.819798284210286
441,12.899222326086994
2107,13.45883704259595
1314,11.736077016252436
2942,11.51293546492023
1317,10.12667110305036
236,11.918397239722838
520,13.122365377402328
736,11.918397239722838
3083,13.017005083966255
2167,12.524530013005734
592,12.206077645517674
1316,10.819798284210286
1401,13.997832948091215
2518,15.894952224644102
2559,11.51293546492023
3269,12.206077645517674
908,11.51293546492023
2947,12.611541086966117
1291,11.918397239722838
2770,10.12667110305036
3399,10.819798284210286
2751,13.45883704259595
2850,10.819798284210286
2744,14.077875591662238
707,10.12667110305036
3069,10.819798284210286
748,15.424948670398354
1986,12.611541086966117
2243,10.12667110305036
513,11.736077016252436
81,11.51293546492023
1321,12.323860125621126
2887,11.918397239722838
918,12.899222326086994
3228,10.819798284210286
777,11.918397239722838
329,12.206077645517674
2110,14.508658238524095
2053,10.819798284210286
948,10.12667110305036
825,12.206077645517674
913,11.736077016252436
181,12.206077645517674
164,10.819798284210286
1544,14.731801689838347
451,10.819798284210286
1324,10.12667110305036
1118,12.206077645517674
2884,12.611541086966117
1299,11.51293546492023
327,10.819798284210286
1827,10.12667110305036
3085,11.51293546492023
2059,9.210440366976515
1899,12.206077645517674
312,10.12667110305036
835,10.819798284210286
1210,13.122365377402328
3048,12.206077645517674
2241,11.51293546492023
2196,9.210440366976515
3448,10.819798284210286
1496,13.122365377402328
780,12.206077645517674
802,12.899222326086994
54,12.429220196836384
1967,11.51293546492023
3000,10.12667110305036
2814,10.819798284210286
1731,13.592368256649284
2224,12.429220196836384
3291,11.225256725762891
993,16.52356082573315
2473,12.429220196836384
1408,14.508658238524095
771,12.611541086966117
3082,10.819798284210286
285,13.122365377402328
3065,10.819798284210286
428,10.12667110305036
2139,10.819798284210286
723,13.304686600863562
956,12.206077645517674
995,12.429220196836384
3274,11.918397239722838
2318,11.918397239722838
326,10.819798284210286
1397,11.918397239722838
1755,10.819798284210286
1093,11.918397239722838
341,12.206077645517674
147,11.51293546492023
2694,10.12667110305036
1114,13.45883704259595
851,10.819798284210286
972,13.71015115341694
2849,10.12667110305036
2275,12.429220196836384
661,11.51293546492023
1008,13.815511557963774
2696,12.611541086966117
2913,12.765691290604371
3254,13.45883704259595
1920,14.508658238524095
3307,12.611541086966117
1212,12.206077645517674
2040,12.206077645517674
24,11.51293546492023
3407,10.12667110305036
2315,12.206077645517674
2380,16.300417291085605
3097,10.819798284210286
878,13.71015115341694
3133,11.918397239722838
942,12.429220196836384
2902,12.691583538230216
3611,10.819798284210286
385,11.51293546492023
2639,12.206077645517674
2903,12.429220196836384
3273,11.51293546492023
3018,11.51293546492023
940,11.51293546492023
3148,10.819798284210286
3499,13.304686600863562
1345,12.611541086966117
1981,11.918397239722838
939,11.225256725762891
566,11.51293546492023
1895,11.225256725762891
2798,11.918397239722838
1672,12.206077645517674
2431,12.611541086966117
1829,12.611541086966117
1445,15.068273812173889
2674,11.51293546492023
1019,11.918397239722838
1975,11.51293546492023
2585,11.51293546492023
126,10.819798284210286
2398,10.12667110305036
1360,16.012735246411598
355,10.12667110305036
830,10.819798284210286
1665,10.819798284210286
990,12.206077645517674
2256,11.225256725762891
362,12.429220196836384
345,13.304686600863562
3354,13.815511557963774
2945,13.592368256649284
712,12.899222326086994
2360,12.765691290604371
10,10.819798284210286
2787,12.206077645517674
2177,14.220976332738882
1875,11.918397239722838
796,10.819798284210286
3236,12.429220196836384
94,11.51293546492023
129,11.51293546492023
3378,12.206077645517674
3450,11.51293546492023
2340,12.611541086966117
1945,11.918397239722838
2515,9.210440366976515
2761,10.819798284210286
1979,10.12667110305036
2465,12.429220196836384
1906,11.51293546492023
1686,11.51293546492023
516,14.508658238524095
1898,11.51293546492023
2316,14.508658238524095
1289,12.206077645517674
955,12.206077645517674
1127,11.51293546492023
2276,13.997832948091215
419,11.51293546492023
926,11.51293546492023
3549,10.819798284210286
477,12.206077645517674
2089,12.206077645517674
2503,11.918397239722838
1722,11.51293546492023
3504,10.819798284210286
1486,13.45883704259595
1211,12.429220196836384
1698,10.12667110305036
3252,11.51293546492023
2018,12.611541086966117
2213,10.12667110305036
823,12.429220196836384
2048,10.12667110305036
3379,10.819798284210286
1258,15.76142084987672
2523,10.819798284210286
3091,10.12667110305036
2258,12.206077645517674
3033,13.592368256649284
1052,10.819798284210286
1930,11.51293546492023
615,10.12667110305036
1331,11.51293546492023
3410,14.220976332738882
2198,10.12667110305036
2842,13.122365377402328
1807,12.765691290604371
3548,12.429220196836384
131,11.225256725762891
77,12.429220196836384
2108,11.736077016252436
725,12.206077645517674
1327,10.819798284210286
1892,12.206077645517674
3490,11.51293546492023
2642,12.611541086966117
2877,10.819798284210286
1386,12.611541086966117
1896,13.815511557963774
1332,12.206077645517674
3386,10.819798284210286
2494,11.225256725762891
375,11.51293546492023
1954,12.07254696717504
333,12.206077645517674
2589,12.899222326086994
2909,10.12667110305036
1629,13.017005083966255
1125,13.815511557963774
3319,11.225256725762891
1991,11.51293546492023
2943,10.12667110305036
2918,11.918397239722838
1355,15.607270193858982
320,12.206077645517674
1645,11.51293546492023
2823,11.51293546492023
2116,13.122365377402328
2291,11.51293546492023
1703,15.068273812173889
1990,11.51293546492023
260,11.51293546492023
2709,12.206077645517674
2093,13.592368256649284
689,11.918397239722838
905,11.736077016252436
2387,11.736077016252436
2079,14.508658238524095
138,11.51293546492023
1963,12.611541086966117
1869,10.819798284210286
1596,11.51293546492023
319,12.765691290604371
653,15.894952224644102
2199,10.819798284210286
2675,10.12667110305036
558,12.206077645517674
2255,11.51293546492023
112,11.51293546492023
531,11.51293546492023
224,11.51293546492023
724,11.51293546492023
3312,12.429220196836384
2978,10.12667110305036
1448,13.384729180332174
2462,10.819798284210286
2683,10.819798284210286
2763,10.12667110305036
1473,13.592368256649284
3140,11.225256725762891
849,17.147715103853763
193,13.592368256649284
1479,10.12667110305036
951,11.918397239722838
2073,11.918397239722838
1655,11.51293546492023
117,12.611541086966117
645,12.899222326086994
1911,10.819798284210286
3,11.51293546492023
74,10.12667110305036
1788,13.122365377402328
467,12.611541086966117
5,10.819798284210286
1256,15.76142084987672
923,11.51293546492023
228,12.206077645517674
1069,14.220976332738882
242,10.12667110305036
2622,10.12667110305036
1168,13.815511557963774
2910,11.225256725762891
2568,11.736077016252436
1547,15.068273812173889
1630,13.592368256649284
3264,13.45883704259595
3639,11.225256725762891
2681,13.592368256649284
2948,10.12667110305036
2039,11.51293546492023
3218,12.206077645517674
2450,10.12667110305036
2024,10.819798284210286
1795,12.611541086966117
1318,12.206077645517674
1564,11.225256725762891
622,12.206077645517674
3601,10.819798284210286
1509,15.068273812173889
110,10.819798284210286
2354,13.527829818844936
2606,11.918397239722838
1177,10.819798284210286
2843,9.210440366976515
232,11.51293546492023
66,11.918397239722838
3149,16.300417291085605
2132,13.45883704259595
2260,13.122365377402328
536,13.45883704259595
125,12.206077645517674
2195,12.206077645517674
1264,12.611541086966117
2875,13.304686600863562
2025,11.225256725762891
2845,10.12667110305036
3344,11.225256725762891
2135,10.12667110305036
484,12.206077645517674
1681,12.323860125621126
3109,12.206077645517674
2722,11.918397239722838
2774,11.51293546492023
1809,10.819798284210286
2502,10.819798284210286
922,16.118095750958314
1673,11.918397239722838
1032,12.206077645517674
1036,11.918397239722838
885,12.899222326086994
1348,9.210440366976515
2552,10.12667110305036
364,11.51293546492023
2187,11.51293546492023
27,11.225256725762891
473,11.225256725762891
525,10.819798284210286
726,10.12667110305036
55,10.12667110305036
638,11.225256725762891
302,10.12667110305036
3024,15.201805169084134
1288,12.611541086966117
3061,10.819798284210286
624,12.899222326086994
2111,15.830413711839864
1292,15.76142084987672
1055,10.819798284210286
336,11.51293546492023
47,11.51293546492023
106,12.611541086966117
2487,12.206077645517674
1086,12.206077645517674
2365,11.225256725762891
2338,16.300417291085605
1152,12.07254696717504
2829,12.899222326086994
2376,10.12667110305036
1877,10.819798284210286
1786,12.206077645517674
1108,11.918397239722838
2016,16.454567959008102
3197,9.210440366976515
523,10.12667110305036
2359,11.918397239722838
1442,14.508658238524095
3023,12.611541086966117
603,12.206077645517674
1504,10.12667110305036
2706,13.122365377402328
60,10.819798284210286
3207,10.12667110305036
671,11.51293546492023
92,10.12667110305036
666,10.12667110305036
1929,13.997832948091215
280,12.611541086966117
1750,10.819798284210286
359,11.51293546492023
903,10.12667110305036
1982,13.122365377402328
2044,12.206077645517674
3163,13.815511557963774
763,11.225256725762891
2220,14.603968372873895
3044,10.819798284210286
42,12.429220196836384
2237,11.51293546492023
204,12.206077645517674
1488,11.225256725762891
2161,11.736077016252436
68,12.611541086966117
1916,11.51293546492023
2742,10.819798284210286
2304,12.611541086966117
137,10.819798284210286
799,12.206077645517674
2246,16.52356082573315
2190,10.12667110305036
761,12.691583538230216
541,9.210440366976515
1025,11.225256725762891
3355,11.51293546492023
165,12.206077645517674
248,10.819798284210286
1344,10.12667110305036
2069,11.736077016252436
446,12.429220196836384
2577,10.12667110305036
1371,11.51293546492023
2207,10.12667110305036
1342,11.51293546492023
3467,10.12667110305036
2212,10.819798284210286
434,14.508658238524095
2184,11.51293546492023
577,12.206077645517674
3432,10.819798284210286
3195,13.71015115341694
2541,12.611541086966117
1889,10.819798284210286
765,10.12667110305036
388,11.225256725762891
235,12.206077645517674
3617,10.819798284210286
2033,12.524530013005734
267,12.83468397161566
773,12.206077645517674
2229,10.12667110305036
437,11.225256725762891
673,15.76142084987672
249,12.611541086966117
2272,12.611541086966117
1597,12.429220196836384
2204,14.731801689838347
2141,12.611541086966117
3038,12.206077645517674
2976,13.304686600863562
3193,11.51293546492023
448,12.429220196836384
1484,11.51293546492023
717,15.068273812173889
2764,11.51293546492023
3034,10.819798284210286
2104,10.819798284210286
1946,13.304686600863562
2891,12.206077645517674
1176,14.731801689838347
82,10.819798284210286
3311,12.206077645517674
1475,12.206077645517674
1936,12.899222326086994
1696,10.12667110305036
2052,11.918397239722838
475,10.819798284210286
517,11.918397239722838
404,10.819798284210286
384,11.51293546492023
2805,10.819798284210286
2214,10.819798284210286
1659,10.819798284210286
3368,11.51293546492023
688,10.819798284210286
1250,10.819798284210286
62,12.206077645517674
855,11.51293546492023
3209,12.611541086966117
3221,12.206077645517674
1274,11.736077016252436
223,12.206077645517674
2261,10.819798284210286
373,12.206077645517674
1865,11.736077016252436
2937,13.45883704259595
3380,10.12667110305036
3012,10.12667110305036
3120,11.225256725762891
9,13.122365377402328
2594,13.592368256649284
1992,12.524530013005734
1879,12.524530013005734
709,11.736077016252436
255,10.819798284210286
1643,11.225256725762891
389,10.819798284210286
1605,13.815511557963774
928,13.122365377402328
2607,11.225256725762891
2090,10.819798284210286
2904,11.51293546492023
1234,13.017005083966255
2654,11.51293546492023
1994,11.736077016252436
742,12.206077645517674
40,12.611541086966117
871,14.914123179965662
539,11.51293546492023
2906,10.819798284210286
1385,12.429220196836384
1153,11.918397239722838
1037,10.819798284210286
372,11.51293546492023
667,12.611541086966117
357,13.304686600863562
973,15.607270193858982
1366,11.225256725762891
1041,13.592368256649284
470,10.12667110305036
1410,11.918397239722838
3042,11.51293546492023
1572,11.51293546492023
1267,10.12667110305036
2155,11.51293546492023
1578,12.611541086966117
3003,10.12667110305036
1260,12.691583538230216
1729,13.997832948091215
1262,13.017005083966255
3518,11.51293546492023
79,11.51293546492023
1180,11.918397239722838
817,12.899222326086994
1893,10.819798284210286
2292,13.997832948091215
3073,10.12667110305036
2166,10.12667110305036
133,11.918397239722838
1147,10.819798284210286
937,11.918397239722838
932,13.592368256649284
826,11.51293546492023
1553,11.51293546492023
1224,10.819798284210286
504,11.51293546492023
3586,10.819798284210286
2484,12.206077645517674
2047,12.07254696717504
2526,10.819798284210286
2006,12.611541086966117
1398,11.225256725762891
897,11.51293546492023
831,11.918397239722838
3482,13.122365377402328
2623,11.736077016252436
1713,14.508658238524095
2983,11.736077016252436
3538,10.819798284210286
3555,10.819798284210286
652,12.429220196836384
172,11.51293546492023
38,14.731801689838347
3370,11.51293546492023
714,10.819798284210286
90,12.611541086966117
3552,11.918397239722838
1214,15.201805169084134
2861,10.12667110305036
3646,10.12667110305036
1868,12.206077645517674
1163,12.206077645517674
1337,11.918397239722838
216,12.611541086966117
510,14.220976332738882
1710,15.424948670398354
499,11.225256725762891
2919,11.918397239722838
1897,12.899222326086994
1402,12.07254696717504
1540,11.225256725762891
2475,13.304686600863562
3171,12.206077645517674
2136,12.899222326086994
1563,12.429220196836384
1227,11.51293546492023
2801,16.811242881518265
1430,13.122365377402328
2289,10.12667110305036
2915,10.819798284210286
1706,11.918397239722838
1206,13.122365377402328
1565,16.012735246411598
2641,13.592368256649284
958,16.300417291085605
2750,13.592368256649284
753,12.206077645517674
2828,11.736077016252436
234,11.918397239722838
733,13.997832948091215
3683,12.899222326086994
1164,11.736077016252436
2982,11.225256725762891
2538,12.323860125621126
1218,11.51293546492023
1071,10.12667110305036
2218,10.819798284210286
1068,11.225256725762891
2729,15.424948670398354
1175,11.51293546492023
1507,11.736077016252436
3075,12.206077645517674
887,13.997832948091215
143,12.429220196836384
3532,12.899222326086994
853,11.51293546492023
718,13.45883704259595
3340,10.819798284210286
2599,11.51293546492023
264,12.611541086966117
75,11.51293546492023
2587,11.225256725762891
395,13.71015115341694
3239,15.201805169084134
2297,10.819798284210286
3700,10.819798284210286
396,13.122365377402328
1379,13.592368256649284
2895,10.12667110305036
1948,10.12667110305036
595,10.12667110305036
2170,11.918397239722838
1309,10.12667110305036
1862,15.607270193858982
875,10.819798284210286
3468,13.815511557963774
2410,12.429220196836384
1571,10.12667110305036
36,13.122365377402328
2833,12.07254696717504
2926,14.508658238524095
2205,12.429220196836384
2961,11.918397239722838
983,12.611541086966117
1594,11.51293546492023
1129,10.819798284210286
2312,10.819798284210286
2602,13.45883704259595
1935,11.736077016252436
675,12.206077645517674
729,11.51293546492023
412,12.206077645517674
1537,11.225256725762891
1676,10.12667110305036
828,12.899222326086994
616,11.51293546492023
114,13.815511557963774
417,14.731801689838347
1651,11.918397239722838
2771,12.323860125621126
3528,11.51293546492023
89,13.122365377402328
2142,10.819798284210286
756,10.819798284210286
2651,12.899222326086994
1656,10.819798284210286
11,11.51293546492023
2536,14.914123179965662
284,12.206077645517674
1073,12.611541086966117
1200,12.611541086966117
1455,11.51293546492023
3286,9.210440366976515
3285,10.819798284210286
2869,12.611541086966117
3152,11.918397239722838
1591,11.51293546492023
2519,12.611541086966117
2868,10.12667110305036
2987,10.12667110305036
1717,12.765691290604371
854,10.819798284210286
2279,10.819798284210286
899,12.899222326086994
496,12.429220196836384
2386,11.225256725762891
1817,10.12667110305036
335,11.918397239722838
515,12.206077645517674
1361,12.899222326086994
1021,10.819798284210286
3293,11.51293546492023
3288,10.819798284210286
1816,13.71015115341694
2677,12.611541086966117
1821,11.918397239722838
2130,10.12667110305036
356,13.122365377402328
3356,10.819798284210286
1325,12.429220196836384
1661,12.429220196836384
550,10.819798284210286
2477,16.811242881518265
2574,12.206077645517674
2621,15.068273812173889
2343,10.819798284210286
1237,12.429220196836384
3114,12.899222326086994
962,12.429220196836384
1808,12.611541086966117
2203,11.225256725762891
1014,10.12667110305036
1099,14.914123179965662
3107,11.51293546492023
2876,11.918397239722838
1002,10.819798284210286
1709,12.765691290604371
153,12.206077645517674
3262,10.819798284210286
580,12.07254696717504
1485,11.918397239722838
704,14.508658238524095
1221,10.12667110305036
900,10.819798284210286
487,11.51293546492023
559,11.51293546492023
1148,11.51293546492023
1126,13.122365377402328
512,11.918397239722838
633,12.899222326086994
2998,11.51293546492023
1692,14.508658238524095
1018,11.51293546492023
1978,12.765691290604371
1158,10.819798284210286
2979,11.51293546492023
3418,11.51293546492023
116,11.51293546492023
743,14.508658238524095
3234,12.07254696717504
2023,11.51293546492023
1088,11.51293546492023
1850,12.611541086966117
833,11.51293546492023
119,10.12667110305036
656,11.918397239722838
3185,12.323860125621126
3129,11.51293546492023
3511,11.51293546492023
635,12.206077645517674
369,11.918397239722838
268,12.611541086966117
2826,11.51293546492023
46,12.765691290604371
997,12.899222326086994
879,13.45883704259595
776,10.819798284210286
1229,12.206077645517674
1133,12.206077645517674
4,10.819798284210286
1620,11.51293546492023
2393,12.611541086966117
3383,11.51293546492023
2586,13.017005083966255
1084,11.51293546492023
840,11.51293546492023
681,14.220976332738882
1746,12.765691290604371
2439,13.304686600863562
2730,11.51293546492023
2449,10.819798284210286
2267,13.122365377402328
1156,10.12667110305036
574,12.765691290604371
50,12.206077645517674
856,14.914123179965662
2031,11.51293546492023
2908,11.51293546492023
1864,15.068273812173889
836,11.225256725762891
1122,11.51293546492023
1174,12.611541086966117
2617,13.815511557963774
1951,10.819798284210286
977,12.07254696717504
2824,10.12667110305036
399,11.225256725762891
2665,14.220976332738882
2456,13.45883704259595
19,11.918397239722838
684,13.592368256649284
35,12.429220196836384
3321,10.819798284210286
3021,10.12667110305036
524,11.736077016252436
2548,11.918397239722838
924,12.206077645517674
1882,10.819798284210286
1932,10.819798284210286
537,12.611541086966117
2944,11.51293546492023
1735,10.819798284210286
3507,12.899222326086994
245,12.429220196836384
787,10.819798284210286
1423,13.017005083966255
2638,12.429220196836384
154,13.815511557963774
1716,11.51293546492023
3051,12.899222326086994
625,12.07254696717504
2862,12.206077645517674
3391,11.918397239722838
1359,12.611541086966117
569,11.225256725762891
3514,10.819798284210286
1791,10.819798284210286
1856,11.918397239722838
2122,13.71015115341694
127,10.12667110305036
3637,13.592368256649284
2058,11.51293546492023
986,12.765691290604371
3620,10.819798284210286
190,11.918397239722838
1146,12.429220196836384
998,13.815511557963774
700,12.899222326086994
606,13.592368256649284
180,12.429220196836384
301,12.765691290604371
2647,11.51293546492023
3255,12.206077645517674
1066,12.899222326086994
3309,10.12667110305036
3740,10.819798284210286
2673,11.918397239722838
1076,12.611541086966117
2624,12.765691290604371
2277,11.918397239722838
1253,10.819798284210286
16,12.429220196836384
3644,13.122365377402328
546,10.819798284210286
658,13.122365377402328
3144,10.819798284210286
3188,12.206077645517674
1521,12.611541086966117
964,10.12667110305036
3079,10.12667110305036
2416,11.225256725762891
800,10.819798284210286
225,10.819798284210286
2134,11.225256725762891
1837,13.815511557963774
2580,9.210440366976515
3571,11.51293546492023
2356,10.12667110305036
2145,10.819798284210286
1723,17.216707972959764
2932,13.017005083966255
1051,12.899222326086994
469,11.51293546492023
959,13.71015115341694
3627,12.206077645517674
2866,11.51293546492023
639,11.51293546492023
3258,12.07254696717504
1228,14.914123179965662
1166,12.611541086966117
1429,13.304686600863562
3156,12.206077645517674
1549,11.51293546492023
3484,13.45883704259595
1313,12.206077645517674
3377,10.819798284210286
2994,14.914123179965662
1628,15.068273812173889
160,11.51293546492023
1734,10.819798284210286
961,12.611541086966117
3015,12.429220196836384
3474,13.304686600863562
880,13.304686600863562
1965,13.122365377402328
3119,12.611541086966117
1926,13.815511557963774
2271,12.206077645517674
98,12.429220196836384
3318,10.12667110305036
2662,12.899222326086994
253,12.206077645517674
103,12.206077645517674
1460,10.819798284210286
1458,16.811242881518265
1675,12.206077645517674
586,12.429220196836384
627,9.210440366976515
1726,11.918397239722838
2162,10.12667110305036
2270,13.592368256649284
403,11.918397239722838
1162,12.429220196836384
2332,11.51293546492023
3009,11.51293546492023
1712,13.45883704259595
2112,11.225256725762891
3343,11.51293546492023
452,10.12667110305036
2382,13.527829818844936
1340,13.652992804936396
3099,11.225256725762891
2105,12.429220196836384
883,11.51293546492023
3477,10.12667110305036
623,11.51293546492023
2482,14.914123179965662
3248,10.12667110305036
1823,9.210440366976515
262,11.736077016252436
1660,12.429220196836384
1453,11.225256725762891
2269,12.206077645517674
2017,10.12667110305036
2620,11.51293546492023
1841,10.819798284210286
640,10.819798284210286
3671,13.304686600863562
2474,17.147715103853763
2707,14.508658238524095
3324,10.12667110305036
2007,14.346139397261563
3135,10.12667110305036
488,11.51293546492023
1884,14.220976332738882
1765,11.225256725762891
3063,12.206077645517674
146,12.899222326086994
1557,11.918397239722838
2036,15.319588176962746
1383,11.918397239722838
2543,11.51293546492023
3523,12.611541086966117
3167,12.765691290604371
2949,12.429220196836384
659,14.914123179965662
1831,10.12667110305036
2610,11.51293546492023
186,12.206077645517674
1155,11.918397239722838
608,10.12667110305036
2259,16.906553056777135
2934,12.611541086966117
1977,16.811242881518265
3199,10.12667110305036
197,12.611541086966117
3084,10.819798284210286
2411,13.017005083966255
293,11.918397239722838
769,11.918397239722838
400,12.429220196836384
122,13.122365377402328
202,12.611541086966117
838,11.918397239722838
2374,12.07254696717504
1454,11.51293546492023
1764,10.819798284210286
1725,11.918397239722838
3503,11.51293546492023
1737,12.429220196836384
3472,11.51293546492023
1161,12.611541086966117
1689,10.819798284210286
2524,14.731801689838347
1793,13.592368256649284
857,11.51293546492023
1614,11.51293546492023
2345,12.206077645517674
641,10.12667110305036
1,11.51293546492023
2223,11.225256725762891
699,10.819798284210286
3161,12.899222326086994
1662,12.611541086966117
1303,11.918397239722838
3364,11.51293546492023
2584,11.51293546492023
1541,13.71015115341694
1894,12.611541086966117
1143,10.12667110305036
3442,13.815511557963774
1657,10.819798284210286
2049,12.206077645517674
663,13.71015115341694
683,12.429220196836384
1268,10.819798284210286
317,11.225256725762891
648,11.918397239722838
1449,10.819798284210286
1494,10.819798284210286
710,12.611541086966117
1294,12.206077645517674
1803,15.607270193858982
978,11.918397239722838
2795,10.819798284210286
2800,11.918397239722838
1319,14.220976332738882
1414,14.285514812209817
1422,11.51293546492023
2310,12.206077645517674
1512,15.068273812173889
2092,10.819798284210286
1551,14.914123179965662
1691,11.225256725762891
1367,10.12667110305036
3498,10.819798284210286
3535,10.819798284210286
1670,10.819798284210286
1057,11.736077016252436
798,13.592368256649284
2815,11.51293546492023
3245,12.611541086966117
1622,11.225256725762891
2714,13.592368256649284
2858,12.206077645517674
2739,11.51293546492023
1859,9.210440366976515
1753,11.918397239722838
1192,12.611541086966117
2680,16.300417291085605
1065,10.819798284210286
540,10.819798284210286
1708,14.508658238524095
2931,10.12667110305036
3422,10.12667110305036
2632,12.206077645517674
1790,12.765691290604371
1970,10.819798284210286
95,11.918397239722838
1026,14.731801689838347
563,10.12667110305036
2924,10.12667110305036
866,10.819798284210286
1499,12.611541086966117
3094,11.51293546492023
1923,10.819798284210286
1044,11.918397239722838
206,11.51293546492023
392,13.815511557963774
2984,12.429220196836384
873,12.899222326086994
397,11.51293546492023
2952,11.225256725762891
3402,10.819798284210286
1034,11.51293546492023
2812,13.527829818844936
1500,12.206077645517674
2780,12.206077645517674
965,11.51293546492023
1593,12.07254696717504
2907,14.220976332738882
1939,9.210440366976515
2860,11.51293546492023
2208,10.12667110305036
807,14.731801689838347
1784,12.899222326086994
2547,12.611541086966117
502,12.429220196836384
3316,11.51293546492023
3295,12.611541086966117
3136,10.12667110305036
782,12.899222326086994
1904,13.815511557963774
200,11.51293546492023
2248,12.524530013005734
3290,10.819798284210286
2148,13.45883704259595
3251,10.12667110305036
2357,11.225256725762891
1833,13.017005083966255
378,11.918397239722838
2422,12.899222326086994
418,11.918397239722838
1728,16.118095750958314
391,12.07254696717504
2756,11.918397239722838
1543,11.51293546492023
1170,12.611541086966117
3336,10.819798284210286
1511,12.206077645517674
2818,11.918397239722838
2081,15.894952224644102
1160,13.592368256649284
1381,11.225256725762891
2676,10.12667110305036
64,12.611541086966117
2119,10.819798284210286
1189,13.122365377402328
3308,11.225256725762891
492,13.592368256649284
379,10.12667110305036
2308,10.819798284210286
766,11.51293546492023
2342,13.815511557963774
794,13.122365377402328
1083,12.899222326086994
881,12.206077645517674
337,11.51293546492023
2901,10.12667110305036
2429,11.225256725762891
1022,11.51293546492023
1287,10.819798284210286
455,11.225256725762891
818,11.51293546492023
2400,11.51293546492023
1001,11.51293546492023
2030,13.997832948091215
201,13.592368256649284
161,11.918397239722838
1603,12.899222326086994
2911,13.815511557963774
2542,10.12667110305036
703,11.918397239722838
1516,11.51293546492023
1136,12.429220196836384
2725,17.216707972959764
1027,12.429220196836384
3260,11.51293546492023
1610,10.819798284210286
2003,14.220976332738882
3365,10.819798284210286
2330,11.225256725762891
34,12.429220196836384
778,12.611541086966117
2661,11.918397239722838
1493,12.206077645517674
3168,9.210440366976515
1404,12.206077645517674
2201,12.206077645517674
1377,11.51293546492023
3100,12.611541086966117
2724,10.12667110305036
2963,14.508658238524095
2095,12.765691290604371
241,12.899222326086994
2118,13.997832948091215
2451,11.225256725762891
600,11.51293546492023
2527,14.220976332738882
1310,11.51293546492023
2286,11.918397239722838
3037,10.819798284210286
2128,10.819798284210286
646,10.12667110305036
3445,11.51293546492023
1550,15.068273812173889
3025,10.819798284210286
1279,10.819798284210286
1944,12.611541086966117
562,16.52356082573315
3584,10.819798284210286
2865,10.819798284210286
3172,12.429220196836384
189,10.12667110305036
1845,11.918397239722838
981,14.220976332738882
2879,11.225256725762891
2103,12.899222326086994
2664,11.918397239722838
1089,13.815511557963774
474,12.206077645517674
3054,13.122365377402328
750,11.918397239722838
2381,11.918397239722838
21,13.304686600863562
459,11.918397239722838
1193,11.51293546492023
2408,13.122365377402328
960,12.429220196836384
1225,11.225256725762891
2525,12.07254696717504
2999,11.918397239722838
1536,10.12667110305036
2480,13.122365377402328
772,12.206077645517674
1715,13.997832948091215
130,11.736077016252436
3072,13.304686600863562
3387,15.068273812173889
2197,13.017005083966255
1497,11.225256725762891
330,12.206077645517674
1248,13.017005083966255
466,10.819798284210286
2233,10.819798284210286
1664,15.607270193858982
3283,10.819798284210286
1102,15.424948670398354
1137,12.899222326086994
1307,12.323860125621126
863,11.51293546492023
3398,9.210440366976515
